{
    "J0023+0923": {
        "FoM": 0.8888613661457506,
        "Tobs": 2.301883192684355,
        "dt": 30.027244147427165,
        "sigma": 1.8512933543948156
    },
    "J0030+0451": {
        "FoM": 2.7569059157662004,
        "Tobs": 15.068735947064468,
        "dt": 7.3580959955418415,
        "sigma": 1.6241343867993252
    },
    "J0034-0534": {
        "FoM": 1.7156440349954185,
        "Tobs": 13.512385893793992,
        "dt": 30.46542560313738,
        "sigma": 4.922261256268038
    },
    "J0218+4232": {
        "FoM": 2.079678408778181,
        "Tobs": 17.565304016403253,
        "dt": 8.267689809267125,
        "sigma": 7.245667603181138
    },
    "J0340+4130": {
        "FoM": 0.6508764032146075,
        "Tobs": 1.681809868127254,
        "dt": 14.982464739840962,
        "sigma": 5.123475846650768
    },
    "J0437-4715": {
        "FoM": 5.442900732842465,
        "Tobs": 18.580954543291078,
        "dt": 6.699598861734518,
        "sigma": 0.14061269072046073
    },
    "J0610-2100": {
        "FoM": 1.38837393950742,
        "Tobs": 6.9022339293471315,
        "dt": 10.08416377077616,
        "sigma": 4.994166902273227
    },
    "J0613-0200": {
        "FoM": 3.2058583522957074,
        "Tobs": 16.054437272873415,
        "dt": 5.143757205190363,
        "sigma": 1.1589295361041132
    },
    "J0621+1002": {
        "FoM": 1.6707337039685906,
        "Tobs": 11.768497206043794,
        "dt": 8.77233388674999,
        "sigma": 7.627928184337004
    },
    "J0645+5158": {
        "FoM": 1.1101580618342337,
        "Tobs": 2.415808304790982,
        "dt": 19.18204311575883,
        "sigma": 0.9814173078323271
    },
    "J0711-6830": {
        "FoM": 2.5243251150193395,
        "Tobs": 17.099719168344713,
        "dt": 22.962030978815836,
        "sigma": 1.7715009413787943
    },
    "J0751+1807": {
        "FoM": 2.4929407460747517,
        "Tobs": 17.605535766724298,
        "dt": 10.628796593051323,
        "sigma": 2.9280568788602133
    },
    "J0900-3144": {
        "FoM": 1.7154367690060845,
        "Tobs": 6.864096052090346,
        "dt": 3.8218156753445105,
        "sigma": 3.205078205967504
    },
    "J0931-1902": {
        "FoM": 0.4163100591101589,
        "Tobs": 0.6444985077953178,
        "dt": 14.712692498264989,
        "sigma": 4.487400366307035
    },
    "J1012+5307": {
        "FoM": 2.780469959096954,
        "Tobs": 16.831128122445936,
        "dt": 6.505364599707278,
        "sigma": 2.1155856082127955
    },
    "J1022+1001": {
        "FoM": 3.090050340450157,
        "Tobs": 17.540466926983914,
        "dt": 8.0994381100896,
        "sigma": 1.312233063455905
    },
    "J1024-0719": {
        "FoM": 2.7170643180694536,
        "Tobs": 18.19941705986594,
        "dt": 8.79277391682015,
        "sigma": 2.3821106551190487
    },
    "J1045-4509": {
        "FoM": 2.189529762482487,
        "Tobs": 17.01307599175836,
        "dt": 20.993331101316695,
        "sigma": 3.394702994186829
    },
    "J1455-3330": {
        "FoM": 1.785536083353882,
        "Tobs": 9.678482801626668,
        "dt": 6.474479566472786,
        "sigma": 4.358288198128427
    },
    "J1600-3053": {
        "FoM": 2.8812984364424032,
        "Tobs": 12.301275015609203,
        "dt": 5.911895657172713,
        "sigma": 0.964153484295493
    },
    "J1603-7202": {
        "FoM": 2.4935757729877537,
        "Tobs": 15.311918741308912,
        "dt": 23.597798819675443,
        "sigma": 1.450654371621483
    },
    "J1614-2230": {
        "FoM": 1.4485926333913985,
        "Tobs": 5.094903968706862,
        "dt": 18.60913674570181,
        "sigma": 1.5842767373294528
    },
    "J1640+2224": {
        "FoM": 3.342425890751877,
        "Tobs": 17.253359472480376,
        "dt": 12.834601929375678,
        "sigma": 0.7157598655304455
    },
    "J1643-1224": {
        "FoM": 3.096415153097998,
        "Tobs": 20.140296300549554,
        "dt": 7.859234213435603,
        "sigma": 1.7812687140822798
    },
    "J1713+0747": {
        "FoM": 5.380032514310587,
        "Tobs": 22.455656769305115,
        "dt": 5.719615505570916,
        "sigma": 0.2412428762870402
    },
    "J1721-2457": {
        "FoM": 1.3864240045733096,
        "Tobs": 12.761557243501745,
        "dt": 31.925745090335703,
        "sigma": 10.69476232350616
    },
    "J1730-2304": {
        "FoM": 2.883563766069622,
        "Tobs": 20.284843290180234,
        "dt": 16.46453113719629,
        "sigma": 1.7017763381489384
    },
    "J1732-5049": {
        "FoM": 1.5343574871565684,
        "Tobs": 8.035819060219703,
        "dt": 21.903603818994377,
        "sigma": 3.054633586281791
    },
    "J1738+0333": {
        "FoM": 1.676155449967998,
        "Tobs": 7.3283496153333925,
        "dt": 17.15820318590078,
        "sigma": 1.9271501300722744
    },
    "J1741+1351": {
        "FoM": 1.4913764985615132,
        "Tobs": 4.24852525666222,
        "dt": 37.84814268282624,
        "sigma": 0.6606156804519789
    },
    "J1744-1134": {
        "FoM": 3.936277878900775,
        "Tobs": 19.882262332507793,
        "dt": 8.697001577183798,
        "sigma": 0.5820400600121872
    },
    "J1747-4036": {
        "FoM": 0.6799747162375956,
        "Tobs": 1.6682514930867327,
        "dt": 14.861679459754368,
        "sigma": 4.182128508831874
    },
    "J1751-2857": {
        "FoM": 1.6201176514944189,
        "Tobs": 8.311304298775372,
        "dt": 21.529814859061734,
        "sigma": 2.6185528872334363
    },
    "J1801-1417": {
        "FoM": 1.5235910724767772,
        "Tobs": 7.05295733557647,
        "dt": 20.774940861446012,
        "sigma": 2.437462866419844
    },
    "J1802-2124": {
        "FoM": 1.4325646058428663,
        "Tobs": 7.235810964593103,
        "dt": 26.167128265521097,
        "sigma": 2.9981221432494376
    },
    "J1804-2717": {
        "FoM": 1.4355580143255047,
        "Tobs": 8.382209558844824,
        "dt": 27.093823374938694,
        "sigma": 4.015611828202384
    },
    "J1824-2452A": {
        "FoM": 1.8911165920262023,
        "Tobs": 5.649000789630024,
        "dt": 16.246437310333594,
        "sigma": 0.6680056753469071
    },
    "J1832-0836": {
        "FoM": 0.5013486332830064,
        "Tobs": 0.6335558016671348,
        "dt": 12.855903142162278,
        "sigma": 2.0671721283499402
    },
    "J1843-1113": {
        "FoM": 2.1588202351797285,
        "Tobs": 10.055920899730452,
        "dt": 17.91670784695877,
        "sigma": 1.2502978518875896
    },
    "J1853+1303": {
        "FoM": 1.8156277989423146,
        "Tobs": 8.395519655138967,
        "dt": 21.148024510617294,
        "sigma": 1.648233073725523
    },
    "J1857+0943": {
        "FoM": 4.097440391451462,
        "Tobs": 28.321656410267583,
        "dt": 13.737695888247323,
        "sigma": 0.8376810034836831
    },
    "J1903+0327": {
        "FoM": 1.1343505476384148,
        "Tobs": 3.9862904050712014,
        "dt": 38.315593959269904,
        "sigma": 1.8720035785134024
    },
    "J1909-3744": {
        "FoM": 3.848071027775979,
        "Tobs": 10.817797644337332,
        "dt": 4.848098882937682,
        "sigma": 0.23003562671010044
    },
    "J1910+1256": {
        "FoM": 2.0286285658523675,
        "Tobs": 9.466388061736662,
        "dt": 19.102752704692353,
        "sigma": 1.3909355998140902
    },
    "J1911+1347": {
        "FoM": 1.8242622407631504,
        "Tobs": 7.479263140454552,
        "dt": 20.08677104449283,
        "sigma": 1.2898153206421352
    },
    "J1911-1114": {
        "FoM": 1.417153904159033,
        "Tobs": 8.794962560026011,
        "dt": 24.902016085655042,
        "sigma": 4.915669302432486
    },
    "J1918-0642": {
        "FoM": 2.2195580268794357,
        "Tobs": 12.797009946628762,
        "dt": 11.569573967837018,
        "sigma": 2.3258849816415497
    },
    "J1923+2515": {
        "FoM": 0.8080292724085429,
        "Tobs": 2.197856725032859,
        "dt": 33.44863203409382,
        "sigma": 2.3986049761019395
    },