{
    "J0023+0923": {
        "NANOGrav": {
            "FoM": 0.8888613661457506,
            "Tobs": 2.301883192684355,
            "dt": 30.027244147427165,
            "sigma": 1.8512933543948156
        }
    },
    "J0030+0451": {
        "EPTA": {
            "FoM": 1.6679448155502439,
            "Tobs": 7.4184082745952775,
            "dt": 9.781854232115252,
            "sigma": 2.677166532322692
        },
        "NANOGrav": {
            "FoM": 1.7276258377537923,
            "Tobs": 8.772806682182862,
            "dt": 53.40446067778817,
            "sigma": 1.4149120740401786
        }
    },
    "J0034-0534": {
        "EPTA": {
            "FoM": 1.4659612286721682,
            "Tobs": 9.865055281775353,
            "dt": 40.035682685204975,
            "sigma": 4.293333076739396
        }
    },
    "J0218+4232": {
        "EPTA": {
            "FoM": 1.7291887971665953,
            "Tobs": 13.538396553955659,
            "dt": 16.107163978281122,
            "sigma": 6.570054966216863
        }
    },
    "J0340+4130": {
        "NANOGrav": {
            "FoM": 0.6508764032146075,
            "Tobs": 1.681809868127254,
            "dt": 14.982464739840964,
            "sigma": 5.123475846650768
        }
    },
    "J0437-4715": {
        "PPTA": {
            "FoM": 4.373933890876382,
            "Tobs": 10.77720048634095,
            "dt": 7.526524813835626,
            "sigma": 0.10512017420365287
        }
    },
    "J0610-2100": {
        "EPTA": {
            "FoM": 0.0,
            "Tobs": 0.0,
            "dt": Infinity,
            "sigma": Infinity
        }
    },
    "J0613-0200": {
        "EPTA": {
            "FoM": 2.311827314367598,
            "Tobs": 13.668498619145415,
            "dt": 12.029925591910512,
            "sigma": 2.205245436364823
        },
        "NANOGrav": {
            "FoM": 1.8940186293524544,
            "Tobs": 7.802870876261629,
            "dt": 24.782596413517915,
            "sigma": 1.0817978332765994
        },
        "PPTA": {
            "FoM": 1.8534356287366274,
            "Tobs": 5.887037441705027,
            "dt": 11.94578014212645,
            "sigma": 0.9295368373363587
        }
    },
    "J0621+1002": {
        "EPTA": {
            "FoM": 1.1949928336958446,
            "Tobs": 7.495496452077153,
            "dt": 15.294581447604358,
            "sigma": 9.28714952228982
        }
    },
    "J0645+5158": {
        "NANOGrav": {
            "FoM": 1.1101580618342337,
            "Tobs": 2.415808304790982,
            "dt": 19.18204311575883,
            "sigma": 0.9814173078323271
        }
    },
    "J0711-6830": {
        "PPTA": {
            "FoM": 1.5732611682067599,
            "Tobs": 5.850785629686064,
            "dt": 13.698714431043815,
            "sigma": 1.7424243392203507
        }
    },
    "J0751+1807": {
        "EPTA": {
            "FoM": 1.447576735527453,
            "Tobs": 6.45203302764197,
            "dt": 14.728781645913934,
            "sigma": 2.9795151952331573
        }
    },
    "J0900-3144": {
        "EPTA": {
            "FoM": 1.5178733523023078,
            "Tobs": 6.389066494913208,
            "dt": 7.991803209818662,
            "sigma": 3.224318994836104
        }
    },
    "J0931-1902": {
        "NANOGrav": {
            "FoM": 0.4163100591101589,
            "Tobs": 0.6444985077953179,
            "dt": 14.71269249826499,
            "sigma": 4.487400366307035
        }
    },
    "J1012+5307": {
        "EPTA": {
            "FoM": 2.2679979519134803,
            "Tobs": 13.131162579147059,
            "dt": 13.664265333428672,
            "sigma": 2.061004271336547
        },
        "NANOGrav": {
            "FoM": 1.77084269797987,
            "Tobs": 9.223415237560113,
            "dt": 22.459016103458875,
            "sigma": 2.1850272148223064
        }
    },
    "J1022+1001": {
        "EPTA": {
            "FoM": 1.6231683085964208,
            "Tobs": 7.345144021596855,
            "dt": 14.740735460924459,
            "sigma": 2.40159094413169
        },
        "PPTA": {
            "FoM": 1.8098559934906582,
            "Tobs": 5.987414376031909,
            "dt": 12.217335758914272,
            "sigma": 1.0569947771953327
        }
    },
    "J1024-0719": {
        "EPTA": {
            "FoM": 1.575326373881047,
            "Tobs": 7.492296705454494,
            "dt": 18.490279538292256,
            "sigma": 2.5483260928628444
        },
        "NANOGrav": {
            "FoM": 1.164286287554242,
            "Tobs": 4.018909687188573,
            "dt": 18.58109826893198,
            "sigma": 2.444029556370399
        },
        "PPTA": {
            "FoM": 1.5292662087154898,
            "Tobs": 5.989835901245034,
            "dt": 14.683138006239925,
            "sigma": 2.002455296582976
        }
    },
    "J1045-4509": {
        "PPTA": {
            "FoM": 1.3829576474978873,
            "Tobs": 5.848862911870837,
            "dt": 13.6942126830822,
            "sigma": 3.0447229192485366
        }
    },
    "J1455-3330": {
        "EPTA": {
            "FoM": 0.5741200864635408,
            "Tobs": 1.1058104981221195,
            "dt": 17.560751497352356,
            "sigma": 3.2861806941520237
        },
        "NANOGrav": {
            "FoM": 1.47116448685621,
            "Tobs": 9.22308321656206,
            "dt": 27.612550367617153,
            "sigma": 4.400273522013522
        }
    },
    "J1600-3053": {
        "EPTA": {
            "FoM": 2.2711362202356415,
            "Tobs": 7.388443041887415,
            "dt": 14.278459370631632,
            "sigma": 0.5765056182918243
        },
        "NANOGrav": {
            "FoM": 1.709349563997323,
            "Tobs": 5.982623449191597,
            "dt": 19.337639069179033,
            "sigma": 1.0743102522149635
        },
        "PPTA": {
            "FoM": 2.028406053839668,
            "Tobs": 5.990102395813267,
            "dt": 13.674280625442472,
            "sigma": 0.610216666020215
        }
    },
    "J1603-7202": {
        "PPTA": {
            "FoM": 1.6545646497160493,
            "Tobs": 5.987333348661474,
            "dt": 15.292821717472751,
            "sigma": 1.3935816690682439
        }
    },
    "J1614-2230": {
        "NANOGrav": {
            "FoM": 1.4485926333913985,
            "Tobs": 5.094903968706862,
            "dt": 18.60913674570181,
            "sigma": 1.5842767373294528
        }
    },
    "J1640+2224": {
        "EPTA": {
            "FoM": 1.4762129567985869,
            "Tobs": 7.344713993543472,
            "dt": 22.170717240840936,
            "sigma": 2.953996651166958
        },
        "NANOGrav": {
            "FoM": 2.131290223570399,
            "Tobs": 8.892885952685896,
            "dt": 49.21403930634126,
            "sigma": 0.6110782476188809
        }
    },
    "J1643-1224": {
        "EPTA": {
            "FoM": 1.8064939605683437,
            "Tobs": 7.0718037556554965,
            "dt": 13.453001675797761,
            "sigma": 1.4564009116333296
        },
        "NANOGrav": {
            "FoM": 1.8034195330944598,
            "Tobs": 9.018094084947252,
            "dt": 24.76585612426304,
            "sigma": 1.8312008359543768
        },
        "PPTA": {
            "FoM": 1.7259673365826864,
            "Tobs": 5.987472286191094,
            "dt": 15.51010108178225,
            "sigma": 1.1523360711206523
        }
    },
    "J1713+0747": {
        "EPTA": {
            "FoM": 3.9388322314933286,
            "Tobs": 13.905933151846988,
            "dt": 10.76089424515278,
            "sigma": 0.24048261686522465
        },
        "NANOGrav": {
            "FoM": 2.9965291278287536,
            "Tobs": 8.775797585669533,
            "dt": 14.309643161454453,
            "sigma": 0.25155119063349535
        },
        "PPTA": {
            "FoM": 3.594811667725189,
            "Tobs": 10.9815558046185,
            "dt": 16.044053030547627,